<configuration>

    <appender name="STDOUT" target="System.out" class="ch.qos.logback.core.ConsoleAppender">
        <encoder>
            <!-- <pattern>[%date{ISO8601}] [%level] [%logger] [%thread] [%X{pekkoSource}] - %msg%n</pattern> -->
            <pattern>%-5level [%date{ISO8601}] [%X{pekkoSource}] - %msg%n</pattern>
        </encoder>
    </appender>

    <appender name="ASYNC" class="ch.qos.logback.classic.AsyncAppender">
        <queueSize>1024</queueSize>
        <neverBlock>true</neverBlock>
        <appender-ref ref="STDOUT" />
    </appender>

    <root level="DEBUG">
        <appender-ref ref="ASYNC"/>
    </root>

</configuration>
